City_ID,City,Lat,Lon,Max Temp,Humidity,High Winds,Country,Date
0,hobart,-42.88,147.33,75.0,49,8.05,AU,1577321683
1,butaritari,3.07,172.79,84.29,71,3.2,KI,1577321741
2,airai,-8.93,125.41,77.29,66,1.34,TL,1577321741
3,bure,10.52,10.33,65.75,19,6.85,NG,1577321741
4,vestmannaeyjar,63.44,-20.27,34.16,70,12.8,IS,1577321741
5,qaqortoq,60.72,-46.03,37.4,25,27.51,GL,1577321741
6,yerbogachen,61.28,108.01,-9.98,98,3.87,RU,1577321741
7,kaohsiung,22.62,120.31,73.4,69,5.82,TW,1577321577
8,chokurdakh,70.62,147.9,-18.98,97,4.09,RU,1577321741
9,punta arenas,-53.16,-70.91,48.2,70,25.28,CL,1577321741
10,oranjemund,-28.55,16.43,54.55,92,2.26,ZA,1577321742
11,padang,-0.92,100.36,69.17,93,3.74,ID,1577321742
12,lebu,8.96,38.73,51.73,91,1.83,ET,1577321742
13,ushuaia,-54.81,-68.31,53.6,50,12.75,AR,1577321506
14,tuktoyaktuk,69.44,-133.03,-20.2,75,11.41,CA,1577321494
15,kokopo,-4.34,152.27,81.79,81,17.6,PG,1577321742
16,rabo de peixe,37.8,-25.58,62.6,77,16.11,PT,1577321742
17,yeniseysk,58.45,92.17,-14.13,94,6.85,RU,1577321742
18,albany,42.65,-73.75,30.99,63,3.36,US,1577321742
19,kavaratti,10.57,72.64,82.58,73,4.88,IN,1577321742
20,mar del plata,-46.43,-67.52,63.95,34,36.19,AR,1577321448
21,puerto escondido,15.86,-97.07,82.4,83,6.93,MX,1577321742
22,srednekolymsk,67.46,153.71,-16.64,98,4.18,RU,1577321521
23,san carlos,11.12,-84.78,73.0,1,7.25,NI,1577321742
24,vila franca do campo,37.72,-25.43,62.6,77,16.11,PT,1577321742
25,avera,33.19,-82.53,51.01,81,3.36,US,1577321673
26,ambon,47.55,-2.56,48.99,93,14.99,FR,1577321742
27,necochea,-38.55,-58.74,57.13,61,13.53,AR,1577321572
28,xinglongshan,43.96,125.47,-5.8,76,1.1,CN,1577321743
29,beidao,34.57,105.89,18.55,62,0.65,CN,1577321743
30,atuona,-9.8,-139.03,80.96,74,17.74,PF,1577321743
31,zhanakorgan,43.91,67.25,37.94,35,4.23,KZ,1577321743
32,qaanaaq,77.48,-69.36,-0.36,93,4.14,GL,1577321743
33,cuenca,-2.9,-79.0,64.4,68,6.93,EC,1577321743
34,sahuaripa,29.05,-109.23,53.06,78,3.0,MX,1577321743
35,rikitea,-23.12,-134.97,72.09,86,3.06,PF,1577321743
36,mataura,-46.19,168.86,60.01,75,11.01,NZ,1577321743
37,saint anthony,43.97,-111.68,27.0,68,1.79,US,1577321743
38,panet,46.56,24.47,37.4,74,3.36,RO,1577321743
39,kapaa,22.08,-159.32,81.0,78,9.66,US,1577321743
40,busselton,-33.64,115.35,80.01,51,10.11,AU,1577321743
41,ponta do sol,-20.63,-46.0,68.14,87,1.81,BR,1577321743
42,jamestown,-33.21,138.6,88.02,21,8.99,AU,1577321744
43,mayor pablo lagerenza,-19.93,-60.77,90.32,47,9.17,PY,1577321744
44,bluff,-23.58,149.07,81.19,61,14.5,AU,1577321744
45,naze,5.43,7.07,68.0,94,3.53,NG,1577321744
46,tasiilaq,65.61,-37.64,21.2,62,6.93,GL,1577321744
47,port elizabeth,39.31,-74.98,39.99,80,1.28,US,1577321744
48,cabo san lucas,22.89,-109.91,73.4,68,16.11,MX,1577321744
49,bredasdorp,-34.53,20.04,63.0,55,12.57,ZA,1577321744
50,hobyo,5.35,48.53,75.36,77,14.16,SO,1577321744
51,buluang,10.47,123.98,82.4,83,2.24,PH,1577321744
52,nueva gorgona,8.56,-79.88,84.0,88,5.82,PA,1577321744
53,smithers,54.78,-127.17,14.0,92,3.36,CA,1577321744
54,kahului,20.89,-156.47,80.6,61,17.22,US,1577321744
55,gorom-gorom,14.45,-0.24,66.56,10,8.52,BF,1577321744
56,kumano,34.34,132.59,52.0,87,3.36,JP,1577321744
57,turukhansk,65.8,87.96,-11.13,93,2.53,RU,1577321744
58,tiksi,71.64,128.87,-27.76,99,2.62,RU,1577321744
59,vaini,15.34,74.49,68.0,88,3.47,IN,1577321745
60,sitka,37.17,-99.65,53.01,42,7.0,US,1577321745
61,pokhara,28.21,83.99,43.16,76,2.3,NP,1577321745
62,plainview,34.18,-101.71,57.99,49,8.05,US,1577321745
63,esperance,-33.86,121.89,80.6,61,12.75,AU,1577321745
64,tuatapere,-46.13,167.69,60.01,75,11.01,NZ,1577321745
65,port hardy,50.7,-127.42,35.6,100,3.36,CA,1577321745
66,matay,28.42,30.79,48.65,62,10.27,EG,1577321745
67,puerto ayora,-0.74,-90.35,80.6,65,13.87,EC,1577321745
68,limbang,4.75,115.01,80.6,88,1.12,BN,1577321745
69,dandong,40.12,124.37,19.85,75,11.12,CN,1577321745
70,cape town,-33.93,18.42,62.01,77,13.87,ZA,1577321702
71,mehamn,71.03,27.85,27.68,69,12.41,NO,1577321745
72,sarahan,31.51,77.79,-0.45,37,16.58,IN,1577321745
73,east london,-33.02,27.91,69.13,73,6.89,ZA,1577321745
74,saskylakh,71.97,114.09,-37.44,95,9.4,RU,1577321745
75,lincoln,53.23,-0.54,41.0,100,2.24,GB,1577321745
76,ostrovnoy,68.05,39.51,10.38,95,2.08,RU,1577321746
77,madang,35.32,102.79,8.78,67,1.28,CN,1577321746
78,kutum,14.2,24.66,53.11,16,5.77,SD,1577321746
79,petropavlovsk-kamchatskiy,53.05,158.65,23.0,85,17.9,RU,1577321510
80,alofi,-19.06,-169.92,82.4,74,14.99,NU,1577321746
81,uttaradit,17.63,100.1,73.0,82,2.24,TH,1577321746
82,ulaanbaatar,47.92,106.92,-25.6,67,2.89,MN,1577321533
83,san rafael,-34.61,-68.33,66.69,34,8.97,AR,1577321746
84,upernavik,72.79,-56.15,6.98,58,6.15,GL,1577321746
85,georgetown,6.8,-58.16,80.6,83,6.93,GY,1577321746
86,saldanha,41.42,-6.55,48.61,78,3.2,PT,1577321746
87,college,64.86,-147.8,-15.0,75,2.84,US,1577321746
88,sorland,67.67,12.69,38.28,75,13.02,NO,1577321746
89,obo,5.39,26.49,72.55,39,4.92,CF,1577321747
90,flinders,-34.58,150.85,84.99,47,5.82,AU,1577321747
91,yuyao,30.04,121.15,53.6,76,15.66,CN,1577321747
92,jiaozhou,36.26,120.03,36.0,72,11.18,CN,1577321747
93,matagami,9.67,8.4,69.06,23,6.17,NG,1577321747
94,isiro,2.77,27.62,71.47,62,0.98,CD,1577321747
95,barrow,-38.31,-60.23,61.9,39,14.16,AR,1577321747
96,pella,40.76,22.53,50.0,66,12.75,GR,1577321747
97,bisert,56.85,59.05,14.41,74,1.97,RU,1577321747
98,jaciara,-15.95,-54.98,77.05,79,3.62,BR,1577321747
99,castro,-42.48,-73.76,55.4,71,5.82,CL,1577321747
100,balkanabat,39.51,54.36,50.4,42,4.99,TM,1577321747
101,samana,0.12,-76.97,73.92,96,1.68,EC,1577321747
102,lavrentiya,65.58,-170.99,-6.54,84,10.49,RU,1577321747
103,saint george,39.45,22.34,48.2,57,3.0,GR,1577321747
104,sao filipe,14.9,-24.5,75.07,60,12.15,CV,1577321747
105,beyneu,45.32,55.19,35.62,67,9.73,KZ,1577321747
106,lorengau,-2.02,147.27,84.15,75,16.49,PG,1577321747
107,kavieng,-2.57,150.8,84.33,75,12.62,PG,1577321748
108,mitu,36.2,46.09,31.32,95,5.35,IR,1577321748
109,akhisar,38.92,27.84,41.68,92,6.85,TR,1577321748
110,new norfolk,-42.78,147.06,75.0,49,8.05,AU,1577321748
111,esil,51.96,66.41,9.12,66,6.46,KZ,1577321748
112,naifaru,5.44,73.37,82.35,81,15.41,MV,1577321748
113,jacareacanga,-6.22,-57.76,74.03,97,1.52,BR,1577321748
114,hilo,19.71,-155.08,80.6,57,18.34,US,1577321748
115,diamantino,-14.4,-56.44,75.6,89,3.09,BR,1577321748
116,bathsheba,13.22,-59.52,80.6,78,14.99,BB,1577321748
117,bay-khaak,51.16,94.47,0.91,87,10.87,RU,1577321748
118,vestmanna,62.16,-7.17,39.2,86,6.93,FO,1577321748
119,gizo,31.8,34.94,59.0,71,12.75,IL,1577321748
120,ukiah,39.15,-123.21,50.0,61,8.05,US,1577321748
121,quelimane,-17.88,36.89,80.6,88,2.24,MZ,1577321748
122,mahebourg,-20.41,57.7,79.0,81,8.99,MU,1577321704
123,thompson,55.74,-97.86,8.6,92,3.36,CA,1577321748
124,ati,13.21,18.34,66.56,12,13.31,TD,1577321748
125,brandon,43.59,-96.57,32.0,95,3.04,US,1577321735
126,evensk,61.92,159.24,-13.83,79,14.25,RU,1577321749
127,gwadar,25.12,62.33,72.36,36,8.66,PK,1577321749
128,vila velha,-3.71,-38.6,86.0,69,10.29,BR,1577321749
129,dikson,73.51,80.55,-16.8,99,3.53,RU,1577321749
130,kiunga,-6.12,141.3,87.06,67,1.66,PG,1577321749
131,piacabucu,-10.41,-36.43,79.34,77,11.07,BR,1577321585
132,hermanus,-34.42,19.24,63.0,59,1.01,ZA,1577321749
133,aktau,43.65,51.16,42.8,93,2.24,KZ,1577321749
134,teguise,29.06,-13.56,71.6,46,16.11,ES,1577321749
135,bhinga,27.7,81.93,46.8,70,5.17,IN,1577321749
136,san juan,-31.54,-68.53,73.83,28,8.08,AR,1577321749
137,awbari,26.59,12.77,50.85,49,3.98,LY,1577321749
138,yellowknife,62.45,-114.38,5.0,84,3.36,CA,1577321749
139,nome,30.04,-94.42,66.2,93,4.41,US,1577321749
140,banda aceh,5.56,95.32,71.82,91,3.83,ID,1577321750
141,lagoa,37.14,-8.45,60.01,71,6.93,PT,1577321750
142,san patricio,-26.98,-56.83,80.15,64,2.13,PY,1577321750
143,isangel,-19.55,169.27,86.0,62,9.17,VU,1577321750
144,pangnirtung,66.15,-65.72,3.06,53,4.29,CA,1577321750
145,nikolskoye,59.7,30.79,37.0,93,8.95,RU,1577321750
146,san vicente de canete,-13.08,-76.38,67.23,87,6.33,PE,1577321578
147,raudeberg,61.99,5.14,37.4,93,6.93,NO,1577321750
148,torbay,47.66,-52.73,30.0,86,32.21,CA,1577321750
149,sisimiut,66.94,-53.67,5.11,55,7.14,GL,1577321750
150,hithadhoo,-0.6,73.08,81.97,74,1.48,MV,1577321750
151,yar-sale,66.83,70.83,-16.02,96,9.19,RU,1577321750
152,fagnano olona,45.67,8.87,46.4,80,6.93,IT,1577321750
153,sao joao da barra,-21.64,-41.05,76.01,88,9.66,BR,1577321727
154,shuyskoye,59.37,41.03,31.68,91,5.06,RU,1577321750
155,port alfred,-33.59,26.89,64.99,90,4.0,ZA,1577321751
156,saint-philippe,45.36,-73.48,26.01,67,12.75,CA,1577321751
157,ashta,16.95,74.41,70.14,77,4.97,IN,1577321751
158,husavik,50.56,-96.99,23.0,97,4.0,CA,1577321751
159,tongliao,43.61,122.27,-2.96,84,6.15,CN,1577321751
160,severo-kurilsk,50.68,156.12,22.32,90,19.98,RU,1577321751
161,kirakira,-10.46,161.92,82.99,68,4.94,SB,1577321751
162,pevek,69.7,170.27,-13.13,98,3.49,RU,1577321751
163,nukus,42.46,59.61,33.8,74,6.93,UZ,1577321751
164,namatanai,-3.66,152.44,82.63,70,10.11,PG,1577321751
165,grindavik,63.84,-22.43,30.2,80,8.05,IS,1577321453
166,crawfordsville,40.04,-86.9,55.0,76,3.36,US,1577321751
167,batangafo,7.3,18.29,70.77,27,2.68,CF,1577321751
168,victoria,5.28,115.24,80.6,88,4.7,BN,1577321705
169,coffs harbour,-30.3,153.13,78.8,65,4.7,AU,1577321751
170,ipixuna,-1.76,-48.8,80.6,88,8.05,BR,1577321751
171,buraydah,26.33,43.97,57.2,62,6.93,SA,1577321752
172,laguna,16.17,-88.94,73.4,78,2.8,BZ,1577321752
173,kopavogur,64.11,-21.91,30.2,80,8.05,IS,1577321752
174,ippy,6.26,21.2,71.56,28,4.79,CF,1577321752
175,nueva granada,9.8,-74.39,80.58,73,7.45,CO,1577321752
176,ambilobe,-13.19,49.05,77.05,85,2.21,MG,1577321752
177,riyadh,24.63,46.72,53.6,54,4.7,SA,1577321455
178,komsomolskiy,67.55,63.78,-18.83,94,5.68,RU,1577321752
179,road town,18.42,-64.62,82.4,78,14.99,VG,1577321684
180,estelle,43.97,3.47,44.6,75,5.82,FR,1577321752
181,longyearbyen,78.22,15.63,14.0,66,12.75,NO,1577321752
182,vardo,39.62,-77.74,39.0,87,8.05,US,1577321752
183,benguela,-12.58,13.4,79.14,81,6.2,AO,1577321752
184,luderitz,-26.65,15.16,60.8,72,9.17,NA,1577321752
185,antofagasta,-23.65,-70.4,68.0,68,8.05,CL,1577321752
186,mount isa,-20.73,139.49,100.4,17,8.05,AU,1577321752
187,abu samrah,35.3,37.18,50.23,83,12.17,SY,1577321752
188,khash,28.22,61.21,42.98,35,1.83,IR,1577321752
189,zeya,53.74,127.27,-34.26,99,1.41,RU,1577321753
190,la ronge,55.1,-105.3,19.4,92,4.7,CA,1577321753
191,khatanga,71.98,102.47,-26.57,97,8.59,RU,1577321753
192,pacific grove,36.62,-121.92,55.4,58,3.36,US,1577321517
193,te anau,-45.41,167.72,55.38,77,4.43,NZ,1577321621
194,malpe,13.35,74.72,77.0,88,7.58,IN,1577321753
195,shelburne,44.08,-80.2,36.0,98,5.82,CA,1577321501
196,salinas,36.67,-121.66,55.4,71,17.25,US,1577321753
197,norrkoping,58.59,16.18,37.4,100,3.36,SE,1577321620
198,kruisfontein,-34.0,24.73,59.56,83,2.53,ZA,1577321753
199,nouadhibou,20.93,-17.03,68.0,37,12.75,MR,1577321705
200,laguna de perlas,12.34,-83.67,79.27,76,22.53,NI,1577321753
201,pangoa,-12.12,-73.0,73.2,85,2.46,PE,1577321753
202,makakilo city,21.35,-158.09,80.6,100,3.36,US,1577321642
203,starotimoshkino,53.72,47.54,15.44,93,3.98,RU,1577321753
204,norman wells,65.28,-126.83,-18.4,75,6.93,CA,1577321753
205,viedma,-40.81,-62.99,61.47,53,14.03,AR,1577321753
206,roald,62.58,6.12,39.2,93,5.82,NO,1577321753
207,klaksvik,62.23,-6.59,39.2,86,6.93,FO,1577321754
208,malanje,-9.54,16.35,64.65,98,3.11,AO,1577321754
209,xining,36.62,101.77,5.65,76,4.65,CN,1577321754
210,bandarbeyla,9.49,50.81,77.04,72,23.24,SO,1577321754
211,acapulco,16.86,-99.88,82.4,78,2.24,MX,1577321754
212,mackay,53.65,-115.58,21.2,79,10.29,CA,1577321754
213,tessalit,20.2,1.01,61.7,21,11.88,ML,1577321754
214,severomuysk,56.17,113.57,-22.97,88,1.68,RU,1577321754
215,ranong,9.96,98.62,73.4,94,1.12,TH,1577321754
216,svetlaya,46.54,138.33,10.42,60,5.12,RU,1577321754
217,espanola,46.27,-81.77,24.13,94,6.46,CA,1577321754
218,pyu,18.48,96.43,59.22,75,4.41,MM,1577321755
219,portland,43.66,-70.25,32.0,63,2.17,US,1577321749
220,saint-joseph,43.56,6.97,53.01,100,3.36,FR,1577321755
221,praia,-20.25,-43.81,75.2,64,6.93,BR,1577321521
222,brodokalmak,55.57,62.07,14.0,92,5.5,RU,1577321755
223,san carlos de bariloche,-41.13,-71.31,55.4,50,13.87,AR,1577321755
224,vanimo,-2.67,141.3,82.0,79,7.38,PG,1577321755
225,bontang,0.12,117.47,77.92,88,5.99,ID,1577321755
226,chicama,-7.84,-79.15,68.0,88,11.41,PE,1577321755
227,bonthe,7.53,-12.5,79.23,80,4.14,SL,1577321755
228,nisia floresta,-6.09,-35.21,80.6,74,11.41,BR,1577321583
229,codrington,-28.95,153.24,82.4,42,10.29,AU,1577321755
230,ardakan,32.31,54.02,44.6,28,6.93,IR,1577321755
231,mana,13.03,5.27,63.77,10,11.7,NG,1577321755
232,cockburn town,21.46,-71.14,77.97,71,18.39,TC,1577321755
233,hambantota,6.12,81.12,73.4,100,2.24,LK,1577321550
234,oussouye,12.49,-16.54,75.2,78,9.17,SN,1577321756
235,kaitangata,-46.28,169.85,57.0,85,8.01,NZ,1577321756
236,salalah,17.01,54.1,73.4,49,8.05,OM,1577321756
237,aloleng,16.13,119.78,77.63,75,5.39,PH,1577321756
238,solnechnyy,50.72,136.64,-16.71,87,1.36,RU,1577321756
239,pantai remis,4.46,100.63,77.0,100,4.85,MY,1577321756
240,bogalusa,30.79,-89.85,64.99,77,4.7,US,1577321756
241,manggar,-2.88,108.27,81.68,80,11.18,ID,1577321756
242,sioux lookout,50.1,-91.92,26.6,92,5.82,CA,1577321756
243,conde,-11.81,-37.61,80.58,79,17.47,BR,1577321756
244,kimbe,-5.56,150.15,75.24,98,2.55,PG,1577321756
245,lafiagi,8.85,5.42,75.85,20,5.1,NG,1577321756
246,coihaique,-45.58,-72.07,53.6,71,6.93,CL,1577321756
247,geraldton,49.72,-86.95,17.6,92,10.29,CA,1577321757
248,hami,42.84,93.51,14.45,64,1.92,CN,1577321757
249,upington,-28.46,21.24,69.8,35,11.41,ZA,1577321757
250,matadi,-5.83,13.46,74.59,95,2.01,CD,1577321757
251,los llanos de aridane,28.66,-17.92,70.0,30,9.17,ES,1577321742
252,agde,43.31,3.47,46.0,86,3.36,FR,1577321757
253,uyemskiy,64.47,40.85,28.4,100,8.95,RU,1577321757
254,palmer,-34.85,139.16,82.99,27,9.17,AU,1577321757
255,le vauclin,14.55,-60.84,80.6,78,3.36,MQ,1577321757
256,aklavik,68.22,-135.01,-16.6,75,5.82,CA,1577321757
257,comodoro rivadavia,-45.87,-67.48,66.2,32,25.28,AR,1577321757
258,ahipara,-35.17,173.16,63.25,78,20.02,NZ,1577321518
259,takoradi,4.89,-1.75,81.1,77,6.69,GH,1577321757
260,ajdabiya,30.75,20.22,63.99,71,16.96,LY,1577321757
261,nosy varika,-20.58,48.53,76.15,86,1.74,MG,1577321757
262,palmerston,-12.49,130.99,93.99,59,9.17,AU,1577321757
263,dharchula,29.85,80.53,22.17,21,11.74,IN,1577321758
264,north platte,41.12,-100.77,30.99,86,6.93,US,1577321758
265,arraial do cabo,-22.97,-42.02,75.92,86,7.52,BR,1577321758
266,belmonte,40.36,-7.35,52.0,89,3.89,PT,1577321758
267,provideniya,64.42,-173.23,-0.4,64,4.47,RU,1577321758
268,hutchinson,38.06,-97.93,62.01,41,10.29,US,1577321758
269,port-gentil,-0.72,8.78,81.5,79,7.72,GA,1577321743
270,duluth,46.77,-92.13,36.0,97,16.11,US,1577321758
271,orocue,4.79,-71.34,80.85,73,7.07,CO,1577321758
272,muriwai beach,-36.82,174.45,73.99,68,11.41,NZ,1577321758
273,ternate,14.29,120.72,82.4,83,4.7,PH,1577321758
274,grand-santi,4.27,-54.38,73.06,98,1.92,GF,1577321758
275,tazovskiy,67.47,78.7,-10.79,96,9.35,RU,1577321758
276,noumea,-22.28,166.46,89.6,46,14.99,NC,1577321758
277,lerwick,60.15,-1.15,41.0,86,4.0,GB,1577321759
278,pitimbu,-7.47,-34.81,78.8,83,8.05,BR,1577321759
279,coahuayana,18.62,-100.35,79.56,39,1.52,MX,1577321759
280,hauterive,49.18,-68.27,14.0,78,4.7,CA,1577321759
281,astorga,-23.24,-51.66,84.2,45,3.91,BR,1577321759
282,quatre cocos,-20.21,57.76,79.0,81,8.99,MU,1577321759
283,hasaki,35.73,140.83,46.4,65,6.93,JP,1577321759
284,glendive,47.11,-104.71,28.99,100,12.75,US,1577321759
285,kalach-na-donu,48.69,43.52,24.8,85,4.47,RU,1577321759
286,kahramanmaras,37.58,36.93,46.4,93,10.29,TR,1577321759
287,lahijan,37.21,50.0,48.2,66,4.7,IR,1577321759
288,george town,5.42,100.33,80.6,69,5.82,MY,1577321609
289,barranca,-10.75,-77.76,68.32,87,13.02,PE,1577321759
290,port macquarie,-31.43,152.91,81.0,50,10.29,AU,1577321759
291,den helder,52.96,4.76,45.0,93,3.36,NL,1577321507
292,byron bay,-28.65,153.62,82.4,54,17.22,AU,1577321759
293,veraval,49.65,0.71,41.0,93,9.17,FR,1577321633
294,huanren,41.26,125.37,7.16,90,4.5,CN,1577321760
295,avarua,-21.21,-159.78,78.8,61,12.75,CK,1577321760
296,zima,53.93,102.05,3.45,90,4.68,RU,1577321760
297,leningradskiy,69.38,178.42,-8.0,94,17.65,RU,1577321608
298,shajapur,23.42,76.29,53.73,71,5.97,IN,1577321760
299,ayna,38.55,-2.07,48.99,93,3.36,ES,1577321760
300,beloha,-25.17,45.06,79.03,59,5.46,MG,1577321760
301,sao miguel do araguaia,-13.28,-50.16,77.5,83,4.85,BR,1577321760
302,camabatela,-8.19,15.37,63.93,99,3.15,AO,1577321760
303,kaeo,-35.1,173.78,73.99,68,7.0,NZ,1577321760
304,prince rupert,54.32,-130.32,39.2,69,14.99,CA,1577321760
305,azul,-36.78,-59.86,63.64,58,13.35,AR,1577321603
306,taksimo,56.36,114.84,-34.22,99,0.98,RU,1577321760
307,fortuna,40.6,-124.16,53.6,81,8.05,US,1577321760
308,vao,59.1,26.19,32.68,97,4.45,EE,1577321761
309,bethel,60.79,-161.76,-9.4,75,11.41,US,1577321761
310,manadhoo,5.77,73.38,82.17,82,16.71,MV,1577321761
311,oranjestad,12.52,-70.03,82.4,83,10.29,AW,1577321761
312,yantai,37.53,121.39,34.3,60,17.22,CN,1577321761
313,kondoa,-4.91,35.78,64.04,96,3.98,TZ,1577321761
314,honningsvag,70.98,25.97,33.35,64,14.23,NO,1577321761
315,iralaya,15.0,-83.23,80.6,83,9.17,HN,1577321761
316,san luis,-33.3,-66.34,68.88,48,24.49,AR,1577321761
317,mattru,7.62,-11.83,75.69,89,1.41,SL,1577321761
318,tomatlan,19.93,-105.25,80.92,49,2.91,MX,1577321761
319,emmett,43.87,-116.5,35.6,100,2.62,US,1577321731
320,puerto leguizamo,-0.19,-74.78,76.05,90,2.68,CO,1577321761
321,malkara,40.89,26.9,42.51,84,8.81,TR,1577321761
322,zyryanka,65.73,150.89,-21.51,98,6.46,RU,1577321733
323,samarai,-10.62,150.67,84.9,65,5.35,PG,1577321762
324,bilibino,68.06,166.44,-28.7,100,1.23,RU,1577321762
325,wisconsin rapids,44.39,-89.82,36.0,99,9.17,US,1577321471
326,ancud,-41.87,-73.83,55.4,71,5.82,CL,1577321762
327,tagusao,9.19,117.81,78.35,83,2.28,PH,1577321762
328,coquimbo,-29.95,-71.34,59.0,82,11.41,CL,1577321762
329,manuel roxas,6.68,126.09,80.6,100,2.24,PH,1577321762
330,alta floresta,-9.87,-56.08,73.99,96,6.76,BR,1577321762
331,ankang,32.73,108.99,32.7,44,1.54,CN,1577321762
332,hopkinton,42.23,-71.52,33.8,69,4.7,US,1577321762
333,arlit,18.74,7.39,65.35,20,15.75,NE,1577321762
334,shambu,9.57,37.1,53.35,56,3.42,ET,1577321762
335,kawalu,-7.38,108.21,74.08,81,2.19,ID,1577321762
336,pochutla,15.74,-96.47,82.4,78,7.43,MX,1577321763
337,wewak,-3.55,143.63,83.71,72,12.77,PG,1577321763
338,caravelas,-17.73,-39.27,74.97,88,7.18,BR,1577321763
339,meulaboh,4.14,96.13,80.58,77,6.02,ID,1577321763
340,babati,-4.21,35.75,67.15,92,2.64,TZ,1577321763
341,clyde river,70.47,-68.59,-11.2,76,3.36,CA,1577321763
342,cuamba,-14.8,36.54,68.81,98,1.41,MZ,1577321763
343,port moresby,-9.47,147.16,89.6,66,12.75,PG,1577321695
344,hit,33.64,42.83,54.63,48,3.22,IQ,1577321763
345,umea,63.83,20.26,28.4,100,6.93,SE,1577321763
346,shanting,35.08,117.46,33.58,79,11.01,CN,1577321763
347,truth or consequences,33.13,-107.25,50.0,39,13.87,US,1577321763
348,plettenberg bay,-34.05,23.37,61.32,77,1.92,ZA,1577321763
349,san cristobal,14.68,-86.92,66.2,83,2.62,HN,1577321763
350,goshen,41.58,-85.83,52.0,87,6.93,US,1577321601
351,manoel urbano,-8.84,-69.26,79.02,76,3.13,BR,1577321763
352,zhigansk,66.77,123.37,-36.22,92,9.17,RU,1577321764
353,xiongyue,40.18,122.12,15.91,68,15.57,CN,1577321764
354,izyum,49.21,37.25,37.99,81,9.01,UA,1577321764
355,harper,30.3,-99.24,64.0,67,10.65,US,1577321764
356,posevnaya,54.3,83.33,15.12,96,5.19,RU,1577321764
357,balkhash,46.84,74.98,12.43,81,5.59,KZ,1577321764
358,aitape,-3.15,142.36,83.08,78,15.55,PG,1577321764
359,mantua,45.16,10.79,46.99,92,4.7,IT,1577321764
360,marawi,8.0,124.29,82.99,72,1.99,PH,1577321764
361,hirara,24.8,125.28,73.4,94,3.36,JP,1577321764
362,luwuk,-0.95,122.79,82.81,71,1.3,ID,1577321764
363,westport,41.14,-73.36,39.0,93,3.36,US,1577321702
364,valparaiso,41.47,-87.06,55.4,76,8.05,US,1577321489
365,cidreira,-30.17,-50.22,76.06,77,13.65,BR,1577321764
366,west lafayette,40.43,-86.91,54.0,76,3.36,US,1577321707
367,broome,52.47,1.45,37.4,100,3.36,GB,1577321764
368,florianopolis,-27.6,-48.55,79.0,88,13.87,BR,1577321764
369,porto novo,-23.68,-45.44,71.6,78,5.82,BR,1577321765
370,polewali,-4.03,119.8,80.67,83,1.16,ID,1577321765
371,pisco,-13.71,-76.2,69.8,77,13.87,PE,1577321765
372,kargasok,59.06,80.87,-20.24,97,7.99,RU,1577321765
373,kungurtug,50.6,97.53,4.28,88,2.59,RU,1577321765
374,maibong,25.3,93.13,49.69,90,1.43,IN,1577321765
375,lasa,34.92,32.53,55.4,82,4.7,CY,1577321765
376,grand gaube,-20.01,57.66,79.0,81,8.99,MU,1577321765
377,flagstaff,35.2,-111.65,42.01,92,10.29,US,1577321575
378,dzhebariki-khaya,62.22,135.8,-46.43,90,0.69,RU,1577321765
379,doka,13.52,35.76,67.3,30,10.16,SD,1577321765
380,ixtapa,20.71,-105.21,80.6,69,11.41,MX,1577321661
381,salta,-24.79,-65.41,73.4,69,6.93,AR,1577321680
382,amapa,15.09,-87.97,75.2,73,5.82,HN,1577321765
383,entre rios,-11.94,-38.08,72.5,94,3.96,BR,1577321765
384,cayenne,4.94,-52.33,78.8,94,3.36,GF,1577321766
385,morondava,-20.3,44.28,77.5,79,3.76,MG,1577321766
386,mount gambier,-37.83,140.78,69.8,49,16.11,AU,1577321766
387,cilegon,-6.02,106.05,80.6,83,3.36,ID,1577321766
388,hargeysa,9.56,44.06,57.13,88,10.69,SO,1577321766
389,chapais,49.78,-74.86,1.4,91,3.36,CA,1577321766
390,bay roberts,47.58,-53.28,30.0,86,32.21,CA,1577321766
391,sarkand,45.41,79.91,21.9,53,1.88,KZ,1577321766
392,banepa,27.63,85.52,35.6,100,3.36,NP,1577321766
393,bela,26.23,66.31,58.5,41,2.28,PK,1577321766
394,taitung,22.76,121.15,73.4,78,4.7,TW,1577321766
395,kloulklubed,7.04,134.26,84.2,70,11.41,PW,1577321742
396,sao joao batista,-3.13,-58.38,76.12,94,1.68,BR,1577321766
397,catuday,16.29,119.81,79.86,74,7.14,PH,1577321766
398,buala,-8.15,159.59,84.4,62,0.98,SB,1577321766
399,goksun,38.02,36.5,46.4,93,10.29,TR,1577321766
400,fayaoue,-20.65,166.53,77.22,71,14.12,NC,1577321767
401,hofn,64.25,-15.21,39.69,72,18.59,IS,1577321669
402,tahoua,14.89,5.26,64.4,17,9.17,NE,1577321767
403,turayf,31.68,38.65,41.0,86,9.17,SA,1577321767
404,mvangue,2.97,11.5,68.5,93,2.51,CM,1577321767
405,kyzyl-suu,42.34,78.0,21.11,51,6.89,KG,1577321767
406,digby,44.62,-65.76,27.0,74,8.01,CA,1577321767
407,santa marta,11.24,-74.21,84.2,83,5.82,CO,1577321767
408,cornwall,45.02,-74.73,28.99,74,5.82,CA,1577321767
409,callaguip,18.07,120.49,77.0,83,2.24,PH,1577321767
410,malavalli,12.39,77.06,65.82,96,3.06,IN,1577321767
411,aasiaat,68.71,-52.87,0.28,55,4.56,GL,1577321767
412,guerrero negro,27.97,-114.04,60.46,58,15.5,MX,1577321767
413,carnarvon,-30.97,22.13,53.62,36,8.79,ZA,1577321644
414,wanning,48.64,13.53,41.0,86,14.99,AT,1577321767
415,bubaque,11.28,-15.83,81.01,63,7.18,GW,1577321767
416,bambous virieux,-20.34,57.76,79.0,81,8.99,MU,1577321704
417,denizli,37.77,29.09,39.2,93,4.7,TR,1577321768
418,yarkovo,54.81,82.6,5.0,92,6.71,RU,1577321768
419,price,39.6,-110.81,30.0,92,9.17,US,1577321768
420,ust-tsilma,65.44,52.15,-7.83,95,4.85,RU,1577321768
421,lakatoro,-16.11,167.42,80.98,76,20.4,VU,1577321768
422,lethem,3.38,-59.8,83.34,59,11.34,GY,1577321768
423,kirensk,57.78,108.12,-3.03,97,3.33,RU,1577321768
424,luba,17.32,120.7,77.36,74,3.49,PH,1577321768
425,stephenville,48.55,-58.59,24.8,73,9.17,CA,1577321649
426,iqaluit,63.75,-68.52,1.4,77,4.7,CA,1577321768
427,deoband,29.69,77.68,44.69,53,5.86,IN,1577321768
428,souillac,45.6,-0.6,46.99,93,5.82,FR,1577321768
429,jalu,29.03,21.55,58.44,62,15.7,LY,1577321768
430,dingle,11.0,122.67,77.9,86,2.75,PH,1577321768
431,luanda,-8.83,13.24,80.6,83,5.82,AO,1577321768
432,ribeira grande,38.52,-28.7,60.17,87,24.81,PT,1577321769
433,bilma,18.69,12.92,58.82,23,5.61,NE,1577321769
434,vila,45.18,8.4,45.0,80,6.93,IT,1577321769
435,verkhoyansk,67.55,133.39,-39.64,94,2.08,RU,1577321769
436,crestview,30.76,-86.57,64.4,77,5.82,US,1577321769
437,shache,38.42,77.24,14.32,80,1.72,CN,1577321769
438,imeni poliny osipenko,52.42,136.49,-16.67,95,0.4,RU,1577321769
439,alto araguaia,-17.32,-53.22,71.49,85,1.92,BR,1577321769
440,tel aviv-yafo,32.08,34.78,59.0,71,12.75,IL,1577321631
441,moindou,-21.69,165.68,89.6,46,14.99,NC,1577321769
442,kamyshin,50.08,45.4,25.38,89,6.35,RU,1577321769
443,kourou,5.16,-52.64,78.8,94,3.36,GF,1577321769
444,wairoa,-39.04,177.43,66.0,69,5.99,NZ,1577321769
445,natal,-5.81,-35.21,80.6,74,11.41,BR,1577321770
446,ilulissat,69.22,-51.1,8.6,35,4.7,GL,1577321770
447,brignoles,43.41,6.06,53.01,75,4.43,FR,1577321770
448,virginia beach,36.85,-75.98,46.99,93,3.74,US,1577321770
449,durango,24.02,-104.67,69.8,9,16.11,MX,1577321770
450,phan thiet,10.93,108.1,69.75,83,1.54,VN,1577321505
451,karatau,43.18,70.46,28.99,59,5.12,KZ,1577321770
452,trairi,-3.28,-39.27,77.36,80,7.23,BR,1577321770
453,iranshahr,27.21,60.69,48.2,31,6.93,IR,1577321770
454,carson city,39.16,-119.77,39.2,51,8.05,US,1577321498
455,vostok,46.45,135.83,-5.21,97,3.22,RU,1577321770
456,salisbury,51.07,-1.8,48.0,100,6.93,GB,1577321770
457,faya,18.39,42.45,51.8,93,1.43,SA,1577321626
458,tezpur,26.62,92.79,53.51,89,1.74,IN,1577321771
459,brae,60.4,-1.35,41.0,100,4.7,GB,1577321771
460,rocha,-34.48,-54.34,63.88,81,12.8,UY,1577321771
461,krabi,8.06,98.92,77.0,100,3.36,TH,1577321771
462,takarazuka,34.87,135.33,52.0,93,10.29,JP,1577321771
463,bat khela,34.62,71.97,43.36,21,6.73,PK,1577321771
464,beringovskiy,63.05,179.32,-10.91,99,14.2,RU,1577321771
465,santa cruz,-6.22,-36.02,74.14,81,9.66,BR,1577321771
466,bam,29.11,58.36,51.26,36,1.25,IR,1577321771
467,parrita,9.52,-84.33,73.4,77,11.41,CR,1577321771
468,chuy,-33.69,-53.46,66.83,86,14.0,UY,1577321771
469,huarmey,-10.07,-78.15,68.11,75,5.59,PE,1577321771
470,kandrian,-6.21,149.55,77.04,93,5.48,PG,1577321772
471,fort nelson,58.81,-122.69,-2.2,84,4.7,CA,1577321772
472,lompoc,34.64,-120.46,54.0,81,6.93,US,1577321772
473,luganville,-15.51,167.18,78.94,72,5.68,VU,1577321772
474,halifax,44.65,-63.58,23.0,85,6.93,CA,1577321500
475,lohja,60.25,24.07,34.0,90,8.05,FI,1577321772
476,wattegama,7.35,80.68,67.8,98,2.42,LK,1577321772
477,medea,36.27,2.77,48.2,81,6.93,DZ,1577321772
478,port blair,11.67,92.75,78.6,68,6.33,IN,1577321772
479,kodiak,39.95,-94.76,59.0,58,9.17,US,1577321772
480,hinganghat,20.55,78.84,68.0,100,2.21,IN,1577321772
481,sarai naurang,32.83,70.78,46.04,33,1.79,PK,1577321772
482,aras,42.56,-2.36,59.0,100,2.24,ES,1577321772
483,doha,25.29,51.53,64.4,63,3.36,QA,1577321548
484,venezuela,21.74,-78.8,74.19,72,16.75,CU,1577321772
485,port lincoln,-34.72,135.86,69.12,63,11.99,AU,1577321772
486,phaltan,17.99,74.43,69.44,81,4.03,IN,1577321773
487,nelson bay,-32.72,152.14,84.2,39,12.75,AU,1577321773
488,haimen,31.87,121.18,52.0,95,1.99,CN,1577321773
489,port said,25.34,30.55,48.07,70,3.58,EG,1577321773
490,marfino,56.07,37.56,34.0,82,4.47,RU,1577321773
491,gat,14.69,-16.54,73.4,53,9.89,SN,1577321773
492,loudi,27.73,112.0,44.67,75,10.2,CN,1577321773
493,inuvik,68.36,-133.71,-16.6,75,5.82,CA,1577321773
494,kariapatti,9.68,78.1,75.2,94,8.7,IN,1577321658
495,orlik,53.95,17.74,37.99,100,5.82,PL,1577321773
496,ossora,59.24,163.07,0.45,77,9.17,RU,1577321773
497,loralai,30.37,68.6,35.73,40,3.02,PK,1577321773
498,vancouver,49.26,-123.12,43.0,86,4.7,CA,1577321643
499,grand baie,-20.02,57.58,79.0,81,8.99,MU,1577321773
500,serenje,-13.23,30.22,64.62,94,2.04,ZM,1577321773
501,sabang,13.8,121.11,76.53,89,7.4,PH,1577321773
502,tommot,58.97,126.27,-13.18,99,1.19,RU,1577321774
503,kupang,-10.16,123.6,87.8,66,2.24,ID,1577321774
504,kannur,11.88,75.37,77.0,94,1.12,IN,1577321774
505,ampanihy,-24.69,44.75,79.92,49,10.67,MG,1577321774
506,sikeston,36.88,-89.59,60.01,82,8.79,US,1577321582
507,bossier city,32.52,-93.73,61.0,93,4.41,US,1577321774
508,namibe,-15.19,12.15,72.66,83,3.74,AO,1577321512
509,atar,20.52,-13.05,66.11,11,6.42,MR,1577321774
510,tautira,-17.73,-149.15,84.2,66,13.87,PF,1577321774
511,borovskoy,53.8,64.15,8.31,76,8.39,KZ,1577321774
512,bekes,46.77,21.13,41.0,93,5.82,HU,1577321774
513,ak-dovurak,51.17,90.6,2.97,76,0.49,RU,1577321774
514,baykit,61.68,96.39,-7.1,98,3.04,RU,1577321774
515,half moon bay,37.46,-122.43,53.6,62,11.41,US,1577321774
516,the valley,18.22,-63.06,82.4,78,4.7,AI,1577321775
517,yaan,7.38,8.57,76.41,22,4.43,NG,1577321775
518,teguldet,57.31,88.17,-11.25,96,6.33,RU,1577321775
519,chhachhrauli,30.25,77.36,44.49,67,5.97,IN,1577321775
520,gawler,-34.6,138.75,82.99,27,9.17,AU,1577321775
521,zhuhai,40.71,112.04,-4.0,91,6.71,CN,1577321775
522,nsanje,-16.92,35.26,75.9,86,5.14,MZ,1577321775
523,manono,-7.3,27.4,68.95,99,1.25,CD,1577321775
524,mahibadhoo,3.78,72.97,82.87,76,11.54,MV,1577321775
525,tual,-5.67,132.75,84.79,75,8.86,ID,1577321775
526,kumluca,36.37,30.29,46.99,82,2.48,TR,1577321775
527,hamilton,43.26,-79.87,37.99,100,11.41,CA,1577321548
528,lensk,60.71,114.91,-6.23,98,2.53,RU,1577321775
529,koltubanovskiy,52.94,52.03,15.08,90,6.67,RU,1577321775
530,kaeng khoi,14.59,101.0,81.0,88,1.99,TH,1577321699
531,cascais,38.7,-9.42,59.0,82,9.17,PT,1577321491
532,liezen,47.57,14.24,39.99,98,3.36,AT,1577321776
533,hailar,49.2,119.7,-21.12,99,5.93,CN,1577321510
534,ugoofaaru,5.67,73.0,82.99,78,17.16,MV,1577321776
535,vallenar,-28.58,-70.76,61.72,70,3.53,CL,1577321776
536,nanortalik,60.14,-45.24,31.89,61,6.17,GL,1577321776
537,seoul,37.57,126.98,37.4,86,2.46,KR,1577321525
538,katsuura,33.93,134.5,53.6,93,5.82,JP,1577321776
539,khorramabad,33.48,48.35,36.73,48,5.91,IR,1577321776
540,urucara,-2.54,-57.76,76.93,91,1.74,BR,1577321776
541,revda,67.94,34.55,5.45,98,2.15,RU,1577321776
542,havre-saint-pierre,50.23,-63.6,5.0,71,6.93,CA,1577321776
543,port keats,-14.25,129.55,90.05,65,10.74,AU,1577321776
544,alyangula,-13.85,136.42,87.8,66,8.05,AU,1577321777
545,karangampel,-6.46,108.44,80.56,78,1.74,ID,1577321777
546,talnakh,69.49,88.39,-23.8,74,4.47,RU,1577321777
547,richards bay,-28.77,32.06,75.38,95,11.21,ZA,1577321777
548,chimbote,-9.08,-78.59,67.96,81,9.91,PE,1577321777
549,rockport,28.02,-97.05,68.0,88,8.05,US,1577321777
550,magaria,13.0,8.91,61.52,12,11.01,NE,1577321777
551,amurzet,47.69,131.09,-7.33,85,4.34,CN,1577321764
552,kysyl-syr,63.9,122.77,-42.61,98,5.68,RU,1577321777
553,tingo maria,-9.29,-76.01,61.95,97,0.98,PE,1577321777
554,haines junction,60.75,-137.51,18.73,95,10.42,CA,1577321777
555,kampot,10.62,104.18,75.2,88,2.24,KH,1577321777
556,rio gallegos,-51.62,-69.22,64.4,23,23.04,AR,1577321777
557,touros,-5.2,-35.46,78.8,78,6.93,BR,1577321777
558,sydney,-33.85,151.22,87.01,44,21.92,AU,1577321478
559,la palma,5.36,-74.39,71.65,97,1.43,CO,1577321778
560,holbeach,52.8,0.02,37.4,100,4.7,GB,1577321778
561,shimoda,34.7,138.93,57.2,76,4.7,JP,1577321778
562,praia da vitoria,38.73,-27.07,62.6,88,27.96,PT,1577321778
563,umm kaddadah,13.6,26.69,61.79,12,14.5,SD,1577321778
564,shenjiamen,29.96,122.3,54.97,84,33.76,CN,1577321778
565,oktyabrskiy,55.61,37.97,34.0,87,6.71,RU,1577321778
566,ketchikan,55.34,-131.65,41.0,80,13.87,US,1577321778
567,miri,10.31,9.75,62.96,23,5.48,NG,1577321778
568,valleyview,55.07,-117.28,19.53,84,6.49,CA,1577321778
569,deputatskiy,69.3,139.9,-20.07,100,2.35,RU,1577321778
570,sinjai,-5.12,120.25,82.54,75,4.23,ID,1577321778
571,sinjai,40.09,113.3,7.12,81,6.55,CN,1577321778
